﻿Question,Instructions
"Do minimum password requirements for owned applications and systems include password length, complexity, age, history, and inactive logoff?","1. Password Management Policy/ procedure/ guideline     2. Password length, age, history, complexity, Inactive logoff"
Does the team/service maintain a network architecture diagram?,"Verify Network Diagram / IT Architecture Diagram and Data Flow Diagram
1.	Network Diagram
2.	Data flow diagram
3.	Classification- Confidential- present/ missing
4.	Review date- present/ missing
5.	Update date- present/ missing
6.	Version - present/ missing
7.	Change reason
8.	Reviewed for relevancy – Once in a year"
Does the team/service perform vulnerability scans periodically?,"Review the Vulnerability scanner tool in use, its frequency / schedule and sample records
Vulnerability Assessment Policy/ procedure
Frequency- Quarterly/ yearly/ monthly
Tool name- Nessus, Rapid 7, Qualys Guard
SOC team to provide sample report "
